schema,table,column,type,is_primary_key,,refers_to
HumanResources,Department,DepartmentID,smallint,yes,HumanResources.Department.DepartmentID,
HumanResources,Department,Name,nvarchar,,HumanResources.Department.Name,
HumanResources,Department,GroupName,nvarchar,,HumanResources.Department.GroupName,
HumanResources,Department,ModifiedDate,datetime,,HumanResources.Department.ModifiedDate,
HumanResources,Employee,BusinessEntityID,int,yes,HumanResources.Employee.BusinessEntityID,Person.Person.BusinessEntityID
HumanResources,Employee,NationalIDNumber,nvarchar,,HumanResources.Employee.NationalIDNumber,
HumanResources,Employee,LoginID,nvarchar,,HumanResources.Employee.LoginID,
HumanResources,Employee,OrganizationNode,hierarchyid,,HumanResources.Employee.OrganizationNode,
HumanResources,Employee,OrganizationLevel,smallint,,HumanResources.Employee.OrganizationLevel,
HumanResources,Employee,JobTitle,nvarchar,,HumanResources.Employee.JobTitle,
HumanResources,Employee,BirthDate,date,,HumanResources.Employee.BirthDate,
HumanResources,Employee,MaritalStatus,nchar,,HumanResources.Employee.MaritalStatus,
HumanResources,Employee,Gender,nchar,,HumanResources.Employee.Gender,
HumanResources,Employee,HireDate,date,,HumanResources.Employee.HireDate,
HumanResources,Employee,SalariedFlag,bit,,HumanResources.Employee.SalariedFlag,
HumanResources,Employee,VacationHours,smallint,,HumanResources.Employee.VacationHours,
HumanResources,Employee,SickLeaveHours,smallint,,HumanResources.Employee.SickLeaveHours,
HumanResources,Employee,CurrentFlag,bit,,HumanResources.Employee.CurrentFlag,
HumanResources,Employee,rowguid,uniqueidentifier,,HumanResources.Employee.rowguid,
HumanResources,Employee,ModifiedDate,datetime,,HumanResources.Employee.ModifiedDate,
HumanResources,EmployeeDepartmentHistory,BusinessEntityID,int,yes,HumanResources.EmployeeDepartmentHistory.BusinessEntityID,HumanResources.Employee.BusinessEntityID
HumanResources,EmployeeDepartmentHistory,DepartmentID,smallint,yes,HumanResources.EmployeeDepartmentHistory.DepartmentID,HumanResources.Department.DepartmentID
HumanResources,EmployeeDepartmentHistory,ShiftID,tinyint,yes,HumanResources.EmployeeDepartmentHistory.ShiftID,HumanResources.Shift.ShiftID
HumanResources,EmployeeDepartmentHistory,StartDate,date,yes,HumanResources.EmployeeDepartmentHistory.StartDate,
HumanResources,EmployeeDepartmentHistory,EndDate,date,,HumanResources.EmployeeDepartmentHistory.EndDate,
HumanResources,EmployeeDepartmentHistory,ModifiedDate,datetime,,HumanResources.EmployeeDepartmentHistory.ModifiedDate,
HumanResources,EmployeePayHistory,BusinessEntityID,int,yes,HumanResources.EmployeePayHistory.BusinessEntityID,HumanResources.Employee.BusinessEntityID
HumanResources,EmployeePayHistory,RateChangeDate,datetime,yes,HumanResources.EmployeePayHistory.RateChangeDate,
HumanResources,EmployeePayHistory,Rate,money,,HumanResources.EmployeePayHistory.Rate,
HumanResources,EmployeePayHistory,PayFrequency,tinyint,,HumanResources.EmployeePayHistory.PayFrequency,
HumanResources,EmployeePayHistory,ModifiedDate,datetime,,HumanResources.EmployeePayHistory.ModifiedDate,
HumanResources,JobCandidate,JobCandidateID,int,yes,HumanResources.JobCandidate.JobCandidateID,
HumanResources,JobCandidate,BusinessEntityID,int,,HumanResources.JobCandidate.BusinessEntityID,HumanResources.Employee.BusinessEntityID
HumanResources,JobCandidate,Resume,xml,,HumanResources.JobCandidate.Resume,
HumanResources,JobCandidate,ModifiedDate,datetime,,HumanResources.JobCandidate.ModifiedDate,
HumanResources,Shift,ShiftID,tinyint,yes,HumanResources.Shift.ShiftID,
HumanResources,Shift,Name,nvarchar,,HumanResources.Shift.Name,
HumanResources,Shift,StartTime,time,,HumanResources.Shift.StartTime,
HumanResources,Shift,EndTime,time,,HumanResources.Shift.EndTime,
HumanResources,Shift,ModifiedDate,datetime,,HumanResources.Shift.ModifiedDate,
HumanResources,vEmployee,BusinessEntityID,int,,HumanResources.vEmployee.BusinessEntityID,
HumanResources,vEmployee,Title,nvarchar,,HumanResources.vEmployee.Title,
HumanResources,vEmployee,FirstName,nvarchar,,HumanResources.vEmployee.FirstName,
HumanResources,vEmployee,MiddleName,nvarchar,,HumanResources.vEmployee.MiddleName,
HumanResources,vEmployee,LastName,nvarchar,,HumanResources.vEmployee.LastName,
HumanResources,vEmployee,Suffix,nvarchar,,HumanResources.vEmployee.Suffix,
HumanResources,vEmployee,JobTitle,nvarchar,,HumanResources.vEmployee.JobTitle,
HumanResources,vEmployee,PhoneNumber,nvarchar,,HumanResources.vEmployee.PhoneNumber,
HumanResources,vEmployee,PhoneNumberType,nvarchar,,HumanResources.vEmployee.PhoneNumberType,
HumanResources,vEmployee,EmailAddress,nvarchar,,HumanResources.vEmployee.EmailAddress,
HumanResources,vEmployee,EmailPromotion,int,,HumanResources.vEmployee.EmailPromotion,
HumanResources,vEmployee,AddressLine1,nvarchar,,HumanResources.vEmployee.AddressLine1,
HumanResources,vEmployee,AddressLine2,nvarchar,,HumanResources.vEmployee.AddressLine2,
HumanResources,vEmployee,City,nvarchar,,HumanResources.vEmployee.City,
HumanResources,vEmployee,StateProvinceName,nvarchar,,HumanResources.vEmployee.StateProvinceName,
HumanResources,vEmployee,PostalCode,nvarchar,,HumanResources.vEmployee.PostalCode,
HumanResources,vEmployee,CountryRegionName,nvarchar,,HumanResources.vEmployee.CountryRegionName,
HumanResources,vEmployee,AdditionalContactInfo,xml,,HumanResources.vEmployee.AdditionalContactInfo,
HumanResources,vEmployeeDepartment,BusinessEntityID,int,,HumanResources.vEmployeeDepartment.BusinessEntityID,
HumanResources,vEmployeeDepartment,Title,nvarchar,,HumanResources.vEmployeeDepartment.Title,
HumanResources,vEmployeeDepartment,FirstName,nvarchar,,HumanResources.vEmployeeDepartment.FirstName,
HumanResources,vEmployeeDepartment,MiddleName,nvarchar,,HumanResources.vEmployeeDepartment.MiddleName,
HumanResources,vEmployeeDepartment,LastName,nvarchar,,HumanResources.vEmployeeDepartment.LastName,
HumanResources,vEmployeeDepartment,Suffix,nvarchar,,HumanResources.vEmployeeDepartment.Suffix,
HumanResources,vEmployeeDepartment,JobTitle,nvarchar,,HumanResources.vEmployeeDepartment.JobTitle,
HumanResources,vEmployeeDepartment,Department,nvarchar,,HumanResources.vEmployeeDepartment.Department,
HumanResources,vEmployeeDepartment,GroupName,nvarchar,,HumanResources.vEmployeeDepartment.GroupName,
HumanResources,vEmployeeDepartment,StartDate,date,,HumanResources.vEmployeeDepartment.StartDate,
HumanResources,vEmployeeDepartmentHistory,BusinessEntityID,int,,HumanResources.vEmployeeDepartmentHistory.BusinessEntityID,
HumanResources,vEmployeeDepartmentHistory,Title,nvarchar,,HumanResources.vEmployeeDepartmentHistory.Title,
HumanResources,vEmployeeDepartmentHistory,FirstName,nvarchar,,HumanResources.vEmployeeDepartmentHistory.FirstName,
HumanResources,vEmployeeDepartmentHistory,MiddleName,nvarchar,,HumanResources.vEmployeeDepartmentHistory.MiddleName,
HumanResources,vEmployeeDepartmentHistory,LastName,nvarchar,,HumanResources.vEmployeeDepartmentHistory.LastName,
HumanResources,vEmployeeDepartmentHistory,Suffix,nvarchar,,HumanResources.vEmployeeDepartmentHistory.Suffix,
HumanResources,vEmployeeDepartmentHistory,Shift,nvarchar,,HumanResources.vEmployeeDepartmentHistory.Shift,
HumanResources,vEmployeeDepartmentHistory,Department,nvarchar,,HumanResources.vEmployeeDepartmentHistory.Department,
HumanResources,vEmployeeDepartmentHistory,GroupName,nvarchar,,HumanResources.vEmployeeDepartmentHistory.GroupName,
HumanResources,vEmployeeDepartmentHistory,StartDate,date,,HumanResources.vEmployeeDepartmentHistory.StartDate,
HumanResources,vEmployeeDepartmentHistory,EndDate,date,,HumanResources.vEmployeeDepartmentHistory.EndDate,
HumanResources,vJobCandidate,JobCandidateID,int,,HumanResources.vJobCandidate.JobCandidateID,
HumanResources,vJobCandidate,BusinessEntityID,int,,HumanResources.vJobCandidate.BusinessEntityID,
HumanResources,vJobCandidate,Name.Prefix,nvarchar,,HumanResources.vJobCandidate.Name.Prefix,
HumanResources,vJobCandidate,Name.First,nvarchar,,HumanResources.vJobCandidate.Name.First,
HumanResources,vJobCandidate,Name.Middle,nvarchar,,HumanResources.vJobCandidate.Name.Middle,
HumanResources,vJobCandidate,Name.Last,nvarchar,,HumanResources.vJobCandidate.Name.Last,
HumanResources,vJobCandidate,Name.Suffix,nvarchar,,HumanResources.vJobCandidate.Name.Suffix,
HumanResources,vJobCandidate,Skills,nvarchar,,HumanResources.vJobCandidate.Skills,
HumanResources,vJobCandidate,Addr.Type,nvarchar,,HumanResources.vJobCandidate.Addr.Type,
HumanResources,vJobCandidate,Addr.Loc.CountryRegion,nvarchar,,HumanResources.vJobCandidate.Addr.Loc.CountryRegion,
HumanResources,vJobCandidate,Addr.Loc.State,nvarchar,,HumanResources.vJobCandidate.Addr.Loc.State,
HumanResources,vJobCandidate,Addr.Loc.City,nvarchar,,HumanResources.vJobCandidate.Addr.Loc.City,
HumanResources,vJobCandidate,Addr.PostalCode,nvarchar,,HumanResources.vJobCandidate.Addr.PostalCode,
HumanResources,vJobCandidate,EMail,nvarchar,,HumanResources.vJobCandidate.EMail,
HumanResources,vJobCandidate,WebSite,nvarchar,,HumanResources.vJobCandidate.WebSite,
HumanResources,vJobCandidate,ModifiedDate,datetime,,HumanResources.vJobCandidate.ModifiedDate,
HumanResources,vJobCandidateEducation,JobCandidateID,int,,HumanResources.vJobCandidateEducation.JobCandidateID,
HumanResources,vJobCandidateEducation,Edu.Level,nvarchar,,HumanResources.vJobCandidateEducation.Edu.Level,
HumanResources,vJobCandidateEducation,Edu.StartDate,datetime,,HumanResources.vJobCandidateEducation.Edu.StartDate,
HumanResources,vJobCandidateEducation,Edu.EndDate,datetime,,HumanResources.vJobCandidateEducation.Edu.EndDate,
HumanResources,vJobCandidateEducation,Edu.Degree,nvarchar,,HumanResources.vJobCandidateEducation.Edu.Degree,
HumanResources,vJobCandidateEducation,Edu.Major,nvarchar,,HumanResources.vJobCandidateEducation.Edu.Major,
HumanResources,vJobCandidateEducation,Edu.Minor,nvarchar,,HumanResources.vJobCandidateEducation.Edu.Minor,
HumanResources,vJobCandidateEducation,Edu.GPA,nvarchar,,HumanResources.vJobCandidateEducation.Edu.GPA,
HumanResources,vJobCandidateEducation,Edu.GPAScale,nvarchar,,HumanResources.vJobCandidateEducation.Edu.GPAScale,
HumanResources,vJobCandidateEducation,Edu.School,nvarchar,,HumanResources.vJobCandidateEducation.Edu.School,
HumanResources,vJobCandidateEducation,Edu.Loc.CountryRegion,nvarchar,,HumanResources.vJobCandidateEducation.Edu.Loc.CountryRegion,
HumanResources,vJobCandidateEducation,Edu.Loc.State,nvarchar,,HumanResources.vJobCandidateEducation.Edu.Loc.State,
HumanResources,vJobCandidateEducation,Edu.Loc.City,nvarchar,,HumanResources.vJobCandidateEducation.Edu.Loc.City,
HumanResources,vJobCandidateEmployment,JobCandidateID,int,,HumanResources.vJobCandidateEmployment.JobCandidateID,
HumanResources,vJobCandidateEmployment,Emp.StartDate,datetime,,HumanResources.vJobCandidateEmployment.Emp.StartDate,
HumanResources,vJobCandidateEmployment,Emp.EndDate,datetime,,HumanResources.vJobCandidateEmployment.Emp.EndDate,
HumanResources,vJobCandidateEmployment,Emp.OrgName,nvarchar,,HumanResources.vJobCandidateEmployment.Emp.OrgName,
HumanResources,vJobCandidateEmployment,Emp.JobTitle,nvarchar,,HumanResources.vJobCandidateEmployment.Emp.JobTitle,
HumanResources,vJobCandidateEmployment,Emp.Responsibility,nvarchar,,HumanResources.vJobCandidateEmployment.Emp.Responsibility,
HumanResources,vJobCandidateEmployment,Emp.FunctionCategory,nvarchar,,HumanResources.vJobCandidateEmployment.Emp.FunctionCategory,
HumanResources,vJobCandidateEmployment,Emp.IndustryCategory,nvarchar,,HumanResources.vJobCandidateEmployment.Emp.IndustryCategory,
HumanResources,vJobCandidateEmployment,Emp.Loc.CountryRegion,nvarchar,,HumanResources.vJobCandidateEmployment.Emp.Loc.CountryRegion,
HumanResources,vJobCandidateEmployment,Emp.Loc.State,nvarchar,,HumanResources.vJobCandidateEmployment.Emp.Loc.State,
HumanResources,vJobCandidateEmployment,Emp.Loc.City,nvarchar,,HumanResources.vJobCandidateEmployment.Emp.Loc.City,
Person,Address,AddressID,int,yes,Person.Address.AddressID,
Person,Address,AddressLine1,nvarchar,,Person.Address.AddressLine1,
Person,Address,AddressLine2,nvarchar,,Person.Address.AddressLine2,
Person,Address,City,nvarchar,,Person.Address.City,
Person,Address,StateProvinceID,int,,Person.Address.StateProvinceID,Person.StateProvince.StateProvinceID
Person,Address,PostalCode,nvarchar,,Person.Address.PostalCode,
Person,Address,SpatialLocation,geography,,Person.Address.SpatialLocation,
Person,Address,rowguid,uniqueidentifier,,Person.Address.rowguid,
Person,Address,ModifiedDate,datetime,,Person.Address.ModifiedDate,
Person,AddressType,AddressTypeID,int,yes,Person.AddressType.AddressTypeID,
Person,AddressType,Name,nvarchar,,Person.AddressType.Name,
Person,AddressType,rowguid,uniqueidentifier,,Person.AddressType.rowguid,
Person,AddressType,ModifiedDate,datetime,,Person.AddressType.ModifiedDate,
Person,BusinessEntity,BusinessEntityID,int,yes,Person.BusinessEntity.BusinessEntityID,
Person,BusinessEntity,rowguid,uniqueidentifier,,Person.BusinessEntity.rowguid,
Person,BusinessEntity,ModifiedDate,datetime,,Person.BusinessEntity.ModifiedDate,
Person,BusinessEntityAddress,BusinessEntityID,int,yes,Person.BusinessEntityAddress.BusinessEntityID,Person.BusinessEntity.BusinessEntityID
Person,BusinessEntityAddress,AddressID,int,yes,Person.BusinessEntityAddress.AddressID,Person.Address.AddressID
Person,BusinessEntityAddress,AddressTypeID,int,yes,Person.BusinessEntityAddress.AddressTypeID,Person.AddressType.AddressTypeID
Person,BusinessEntityAddress,rowguid,uniqueidentifier,,Person.BusinessEntityAddress.rowguid,
Person,BusinessEntityAddress,ModifiedDate,datetime,,Person.BusinessEntityAddress.ModifiedDate,
Person,BusinessEntityContact,BusinessEntityID,int,yes,Person.BusinessEntityContact.BusinessEntityID,Person.BusinessEntity.BusinessEntityID
Person,BusinessEntityContact,PersonID,int,yes,Person.BusinessEntityContact.PersonID,Person.Person.BusinessEntityID
Person,BusinessEntityContact,ContactTypeID,int,yes,Person.BusinessEntityContact.ContactTypeID,Person.ContactType.ContactTypeID
Person,BusinessEntityContact,rowguid,uniqueidentifier,,Person.BusinessEntityContact.rowguid,
Person,BusinessEntityContact,ModifiedDate,datetime,,Person.BusinessEntityContact.ModifiedDate,
Person,ContactType,ContactTypeID,int,yes,Person.ContactType.ContactTypeID,
Person,ContactType,Name,nvarchar,,Person.ContactType.Name,
Person,ContactType,ModifiedDate,datetime,,Person.ContactType.ModifiedDate,
Person,CountryRegion,CountryRegionCode,nvarchar,yes,Person.CountryRegion.CountryRegionCode,
Person,CountryRegion,Name,nvarchar,,Person.CountryRegion.Name,
Person,CountryRegion,ModifiedDate,datetime,,Person.CountryRegion.ModifiedDate,
Person,EmailAddress,BusinessEntityID,int,yes,Person.EmailAddress.BusinessEntityID,Person.Person.BusinessEntityID
Person,EmailAddress,EmailAddressID,int,yes,Person.EmailAddress.EmailAddressID,
Person,EmailAddress,EmailAddress,nvarchar,,Person.EmailAddress.EmailAddress,
Person,EmailAddress,rowguid,uniqueidentifier,,Person.EmailAddress.rowguid,
Person,EmailAddress,ModifiedDate,datetime,,Person.EmailAddress.ModifiedDate,
Person,Password,BusinessEntityID,int,yes,Person.Password.BusinessEntityID,Person.Person.BusinessEntityID
Person,Password,PasswordHash,varchar,,Person.Password.PasswordHash,
Person,Password,PasswordSalt,varchar,,Person.Password.PasswordSalt,
Person,Password,rowguid,uniqueidentifier,,Person.Password.rowguid,
Person,Password,ModifiedDate,datetime,,Person.Password.ModifiedDate,
Person,Person,BusinessEntityID,int,yes,Person.Person.BusinessEntityID,Person.BusinessEntity.BusinessEntityID
Person,Person,PersonType,nchar,,Person.Person.PersonType,
Person,Person,NameStyle,bit,,Person.Person.NameStyle,
Person,Person,Title,nvarchar,,Person.Person.Title,
Person,Person,FirstName,nvarchar,,Person.Person.FirstName,
Person,Person,MiddleName,nvarchar,,Person.Person.MiddleName,
Person,Person,LastName,nvarchar,,Person.Person.LastName,
Person,Person,Suffix,nvarchar,,Person.Person.Suffix,
Person,Person,EmailPromotion,int,,Person.Person.EmailPromotion,
Person,Person,AdditionalContactInfo,xml,,Person.Person.AdditionalContactInfo,
Person,Person,Demographics,xml,,Person.Person.Demographics,
Person,Person,rowguid,uniqueidentifier,,Person.Person.rowguid,
Person,Person,ModifiedDate,datetime,,Person.Person.ModifiedDate,
Person,PersonPhone,BusinessEntityID,int,yes,Person.PersonPhone.BusinessEntityID,Person.Person.BusinessEntityID
Person,PersonPhone,PhoneNumber,nvarchar,yes,Person.PersonPhone.PhoneNumber,
Person,PersonPhone,PhoneNumberTypeID,int,yes,Person.PersonPhone.PhoneNumberTypeID,Person.PhoneNumberType.PhoneNumberTypeID
Person,PersonPhone,ModifiedDate,datetime,,Person.PersonPhone.ModifiedDate,
Person,PhoneNumberType,PhoneNumberTypeID,int,yes,Person.PhoneNumberType.PhoneNumberTypeID,
Person,PhoneNumberType,Name,nvarchar,,Person.PhoneNumberType.Name,
Person,PhoneNumberType,ModifiedDate,datetime,,Person.PhoneNumberType.ModifiedDate,
Person,StateProvince,StateProvinceID,int,yes,Person.StateProvince.StateProvinceID,
Person,StateProvince,StateProvinceCode,nchar,,Person.StateProvince.StateProvinceCode,
Person,StateProvince,CountryRegionCode,nvarchar,,Person.StateProvince.CountryRegionCode,Person.CountryRegion.CountryRegionCode
Person,StateProvince,IsOnlyStateProvinceFlag,bit,,Person.StateProvince.IsOnlyStateProvinceFlag,
Person,StateProvince,Name,nvarchar,,Person.StateProvince.Name,
Person,StateProvince,TerritoryID,int,,Person.StateProvince.TerritoryID,Sales.SalesTerritory.TerritoryID
Person,StateProvince,rowguid,uniqueidentifier,,Person.StateProvince.rowguid,
Person,StateProvince,ModifiedDate,datetime,,Person.StateProvince.ModifiedDate,
Person,vAdditionalContactInfo,BusinessEntityID,int,,Person.vAdditionalContactInfo.BusinessEntityID,
Person,vAdditionalContactInfo,FirstName,nvarchar,,Person.vAdditionalContactInfo.FirstName,
Person,vAdditionalContactInfo,MiddleName,nvarchar,,Person.vAdditionalContactInfo.MiddleName,
Person,vAdditionalContactInfo,LastName,nvarchar,,Person.vAdditionalContactInfo.LastName,
Person,vAdditionalContactInfo,TelephoneNumber,nvarchar,,Person.vAdditionalContactInfo.TelephoneNumber,
Person,vAdditionalContactInfo,TelephoneSpecialInstructions,nvarchar,,Person.vAdditionalContactInfo.TelephoneSpecialInstructions,
Person,vAdditionalContactInfo,Street,nvarchar,,Person.vAdditionalContactInfo.Street,
Person,vAdditionalContactInfo,City,nvarchar,,Person.vAdditionalContactInfo.City,
Person,vAdditionalContactInfo,StateProvince,nvarchar,,Person.vAdditionalContactInfo.StateProvince,
Person,vAdditionalContactInfo,PostalCode,nvarchar,,Person.vAdditionalContactInfo.PostalCode,
Person,vAdditionalContactInfo,CountryRegion,nvarchar,,Person.vAdditionalContactInfo.CountryRegion,
Person,vAdditionalContactInfo,HomeAddressSpecialInstructions,nvarchar,,Person.vAdditionalContactInfo.HomeAddressSpecialInstructions,
Person,vAdditionalContactInfo,EMailAddress,nvarchar,,Person.vAdditionalContactInfo.EMailAddress,
Person,vAdditionalContactInfo,EMailSpecialInstructions,nvarchar,,Person.vAdditionalContactInfo.EMailSpecialInstructions,
Person,vAdditionalContactInfo,EMailTelephoneNumber,nvarchar,,Person.vAdditionalContactInfo.EMailTelephoneNumber,
Person,vAdditionalContactInfo,rowguid,uniqueidentifier,,Person.vAdditionalContactInfo.rowguid,
Person,vAdditionalContactInfo,ModifiedDate,datetime,,Person.vAdditionalContactInfo.ModifiedDate,
Person,vStateProvinceCountryRegion,StateProvinceID,int,,Person.vStateProvinceCountryRegion.StateProvinceID,
Person,vStateProvinceCountryRegion,StateProvinceCode,nchar,,Person.vStateProvinceCountryRegion.StateProvinceCode,
Person,vStateProvinceCountryRegion,IsOnlyStateProvinceFlag,bit,,Person.vStateProvinceCountryRegion.IsOnlyStateProvinceFlag,
Person,vStateProvinceCountryRegion,StateProvinceName,nvarchar,,Person.vStateProvinceCountryRegion.StateProvinceName,
Person,vStateProvinceCountryRegion,TerritoryID,int,,Person.vStateProvinceCountryRegion.TerritoryID,
Person,vStateProvinceCountryRegion,CountryRegionCode,nvarchar,,Person.vStateProvinceCountryRegion.CountryRegionCode,
Person,vStateProvinceCountryRegion,CountryRegionName,nvarchar,,Person.vStateProvinceCountryRegion.CountryRegionName,
Production,BillOfMaterials,BillOfMaterialsID,int,yes,Production.BillOfMaterials.BillOfMaterialsID,
Production,BillOfMaterials,ProductAssemblyID,int,,Production.BillOfMaterials.ProductAssemblyID,Production.Product.ProductID
Production,BillOfMaterials,ComponentID,int,,Production.BillOfMaterials.ComponentID,Production.Product.ProductID
Production,BillOfMaterials,StartDate,datetime,,Production.BillOfMaterials.StartDate,
Production,BillOfMaterials,EndDate,datetime,,Production.BillOfMaterials.EndDate,
Production,BillOfMaterials,UnitMeasureCode,nchar,,Production.BillOfMaterials.UnitMeasureCode,Production.UnitMeasure.UnitMeasureCode
Production,BillOfMaterials,BOMLevel,smallint,,Production.BillOfMaterials.BOMLevel,
Production,BillOfMaterials,PerAssemblyQty,decimal,,Production.BillOfMaterials.PerAssemblyQty,
Production,BillOfMaterials,ModifiedDate,datetime,,Production.BillOfMaterials.ModifiedDate,
Production,Culture,CultureID,nchar,yes,Production.Culture.CultureID,
Production,Culture,Name,nvarchar,,Production.Culture.Name,
Production,Culture,ModifiedDate,datetime,,Production.Culture.ModifiedDate,
Production,Document,DocumentNode,hierarchyid,yes,Production.Document.DocumentNode,
Production,Document,DocumentLevel,smallint,,Production.Document.DocumentLevel,
Production,Document,Title,nvarchar,,Production.Document.Title,
Production,Document,Owner,int,,Production.Document.Owner,HumanResources.Employee.BusinessEntityID
Production,Document,FolderFlag,bit,,Production.Document.FolderFlag,
Production,Document,FileName,nvarchar,,Production.Document.FileName,
Production,Document,FileExtension,nvarchar,,Production.Document.FileExtension,
Production,Document,Revision,nchar,,Production.Document.Revision,
Production,Document,ChangeNumber,int,,Production.Document.ChangeNumber,
Production,Document,Status,tinyint,,Production.Document.Status,
Production,Document,DocumentSummary,nvarchar,,Production.Document.DocumentSummary,
Production,Document,Document,varbinary,,Production.Document.Document,
Production,Document,rowguid,uniqueidentifier,,Production.Document.rowguid,
Production,Document,ModifiedDate,datetime,,Production.Document.ModifiedDate,
Production,Illustration,IllustrationID,int,yes,Production.Illustration.IllustrationID,
Production,Illustration,Diagram,xml,,Production.Illustration.Diagram,
Production,Illustration,ModifiedDate,datetime,,Production.Illustration.ModifiedDate,
Production,Location,LocationID,smallint,yes,Production.Location.LocationID,
Production,Location,Name,nvarchar,,Production.Location.Name,
Production,Location,CostRate,smallmoney,,Production.Location.CostRate,
Production,Location,Availability,decimal,,Production.Location.Availability,
Production,Location,ModifiedDate,datetime,,Production.Location.ModifiedDate,
Production,Product,ProductID,int,yes,Production.Product.ProductID,
Production,Product,Name,nvarchar,,Production.Product.Name,
Production,Product,ProductNumber,nvarchar,,Production.Product.ProductNumber,
Production,Product,MakeFlag,bit,,Production.Product.MakeFlag,
Production,Product,FinishedGoodsFlag,bit,,Production.Product.FinishedGoodsFlag,
Production,Product,Color,nvarchar,,Production.Product.Color,
Production,Product,SafetyStockLevel,smallint,,Production.Product.SafetyStockLevel,
Production,Product,ReorderPoint,smallint,,Production.Product.ReorderPoint,
Production,Product,StandardCost,money,,Production.Product.StandardCost,
Production,Product,ListPrice,money,,Production.Product.ListPrice,
Production,Product,Size,nvarchar,,Production.Product.Size,
Production,Product,SizeUnitMeasureCode,nchar,,Production.Product.SizeUnitMeasureCode,Production.UnitMeasure.UnitMeasureCode
Production,Product,WeightUnitMeasureCode,nchar,,Production.Product.WeightUnitMeasureCode,Production.UnitMeasure.UnitMeasureCode
Production,Product,Weight,decimal,,Production.Product.Weight,
Production,Product,DaysToManufacture,int,,Production.Product.DaysToManufacture,
Production,Product,ProductLine,nchar,,Production.Product.ProductLine,
Production,Product,Class,nchar,,Production.Product.Class,
Production,Product,Style,nchar,,Production.Product.Style,
Production,Product,ProductSubcategoryID,int,,Production.Product.ProductSubcategoryID,Production.ProductSubcategory.ProductSubcategoryID
Production,Product,ProductModelID,int,,Production.Product.ProductModelID,Production.ProductModel.ProductModelID
Production,Product,SellStartDate,datetime,,Production.Product.SellStartDate,
Production,Product,SellEndDate,datetime,,Production.Product.SellEndDate,
Production,Product,DiscontinuedDate,datetime,,Production.Product.DiscontinuedDate,
Production,Product,rowguid,uniqueidentifier,,Production.Product.rowguid,
Production,Product,ModifiedDate,datetime,,Production.Product.ModifiedDate,
Production,ProductCategory,ProductCategoryID,int,yes,Production.ProductCategory.ProductCategoryID,
Production,ProductCategory,Name,nvarchar,,Production.ProductCategory.Name,
Production,ProductCategory,rowguid,uniqueidentifier,,Production.ProductCategory.rowguid,
Production,ProductCategory,ModifiedDate,datetime,,Production.ProductCategory.ModifiedDate,
Production,ProductCostHistory,ProductID,int,yes,Production.ProductCostHistory.ProductID,Production.Product.ProductID
Production,ProductCostHistory,StartDate,datetime,yes,Production.ProductCostHistory.StartDate,
Production,ProductCostHistory,EndDate,datetime,,Production.ProductCostHistory.EndDate,
Production,ProductCostHistory,StandardCost,money,,Production.ProductCostHistory.StandardCost,
Production,ProductCostHistory,ModifiedDate,datetime,,Production.ProductCostHistory.ModifiedDate,
Production,ProductDescription,ProductDescriptionID,int,yes,Production.ProductDescription.ProductDescriptionID,
Production,ProductDescription,Description,nvarchar,,Production.ProductDescription.Description,
Production,ProductDescription,rowguid,uniqueidentifier,,Production.ProductDescription.rowguid,
Production,ProductDescription,ModifiedDate,datetime,,Production.ProductDescription.ModifiedDate,
Production,ProductDocument,ProductID,int,yes,Production.ProductDocument.ProductID,Production.Product.ProductID
Production,ProductDocument,DocumentNode,hierarchyid,yes,Production.ProductDocument.DocumentNode,Production.Document.DocumentNode
Production,ProductDocument,ModifiedDate,datetime,,Production.ProductDocument.ModifiedDate,
Production,ProductInventory,ProductID,int,yes,Production.ProductInventory.ProductID,Production.Product.ProductID
Production,ProductInventory,LocationID,smallint,yes,Production.ProductInventory.LocationID,Production.Location.LocationID
Production,ProductInventory,Shelf,nvarchar,,Production.ProductInventory.Shelf,
Production,ProductInventory,Bin,tinyint,,Production.ProductInventory.Bin,
Production,ProductInventory,Quantity,smallint,,Production.ProductInventory.Quantity,
Production,ProductInventory,rowguid,uniqueidentifier,,Production.ProductInventory.rowguid,
Production,ProductInventory,ModifiedDate,datetime,,Production.ProductInventory.ModifiedDate,
Production,ProductListPriceHistory,ProductID,int,yes,Production.ProductListPriceHistory.ProductID,Production.Product.ProductID
Production,ProductListPriceHistory,StartDate,datetime,yes,Production.ProductListPriceHistory.StartDate,
Production,ProductListPriceHistory,EndDate,datetime,,Production.ProductListPriceHistory.EndDate,
Production,ProductListPriceHistory,ListPrice,money,,Production.ProductListPriceHistory.ListPrice,
Production,ProductListPriceHistory,ModifiedDate,datetime,,Production.ProductListPriceHistory.ModifiedDate,
Production,ProductModel,ProductModelID,int,yes,Production.ProductModel.ProductModelID,
Production,ProductModel,Name,nvarchar,,Production.ProductModel.Name,
Production,ProductModel,CatalogDescription,xml,,Production.ProductModel.CatalogDescription,
Production,ProductModel,Instructions,xml,,Production.ProductModel.Instructions,
Production,ProductModel,rowguid,uniqueidentifier,,Production.ProductModel.rowguid,
Production,ProductModel,ModifiedDate,datetime,,Production.ProductModel.ModifiedDate,
Production,ProductModelIllustration,ProductModelID,int,yes,Production.ProductModelIllustration.ProductModelID,Production.ProductModel.ProductModelID
Production,ProductModelIllustration,IllustrationID,int,yes,Production.ProductModelIllustration.IllustrationID,Production.Illustration.IllustrationID
Production,ProductModelIllustration,ModifiedDate,datetime,,Production.ProductModelIllustration.ModifiedDate,
Production,ProductModelProductDescriptionCulture,ProductModelID,int,yes,Production.ProductModelProductDescriptionCulture.ProductModelID,Production.ProductModel.ProductModelID
Production,ProductModelProductDescriptionCulture,ProductDescriptionID,int,yes,Production.ProductModelProductDescriptionCulture.ProductDescriptionID,Production.ProductDescription.ProductDescriptionID
Production,ProductModelProductDescriptionCulture,CultureID,nchar,yes,Production.ProductModelProductDescriptionCulture.CultureID,Production.Culture.CultureID
Production,ProductModelProductDescriptionCulture,ModifiedDate,datetime,,Production.ProductModelProductDescriptionCulture.ModifiedDate,
Production,ProductPhoto,ProductPhotoID,int,yes,Production.ProductPhoto.ProductPhotoID,
Production,ProductPhoto,ThumbNailPhoto,varbinary,,Production.ProductPhoto.ThumbNailPhoto,
Production,ProductPhoto,ThumbnailPhotoFileName,nvarchar,,Production.ProductPhoto.ThumbnailPhotoFileName,
Production,ProductPhoto,LargePhoto,varbinary,,Production.ProductPhoto.LargePhoto,
Production,ProductPhoto,LargePhotoFileName,nvarchar,,Production.ProductPhoto.LargePhotoFileName,
Production,ProductPhoto,ModifiedDate,datetime,,Production.ProductPhoto.ModifiedDate,
Production,ProductProductPhoto,ProductID,int,yes,Production.ProductProductPhoto.ProductID,Production.Product.ProductID
Production,ProductProductPhoto,ProductPhotoID,int,yes,Production.ProductProductPhoto.ProductPhotoID,Production.ProductPhoto.ProductPhotoID
Production,ProductProductPhoto,Primary,bit,,Production.ProductProductPhoto.Primary,
Production,ProductProductPhoto,ModifiedDate,datetime,,Production.ProductProductPhoto.ModifiedDate,
Production,ProductReview,ProductReviewID,int,yes,Production.ProductReview.ProductReviewID,
Production,ProductReview,ProductID,int,,Production.ProductReview.ProductID,Production.Product.ProductID
Production,ProductReview,ReviewerName,nvarchar,,Production.ProductReview.ReviewerName,
Production,ProductReview,ReviewDate,datetime,,Production.ProductReview.ReviewDate,
Production,ProductReview,EmailAddress,nvarchar,,Production.ProductReview.EmailAddress,
Production,ProductReview,Rating,int,,Production.ProductReview.Rating,
Production,ProductReview,Comments,nvarchar,,Production.ProductReview.Comments,
Production,ProductReview,ModifiedDate,datetime,,Production.ProductReview.ModifiedDate,
Production,ProductSubcategory,ProductSubcategoryID,int,yes,Production.ProductSubcategory.ProductSubcategoryID,
Production,ProductSubcategory,ProductCategoryID,int,,Production.ProductSubcategory.ProductCategoryID,Production.ProductCategory.ProductCategoryID
Production,ProductSubcategory,Name,nvarchar,,Production.ProductSubcategory.Name,
Production,ProductSubcategory,rowguid,uniqueidentifier,,Production.ProductSubcategory.rowguid,
Production,ProductSubcategory,ModifiedDate,datetime,,Production.ProductSubcategory.ModifiedDate,
Production,ScrapReason,ScrapReasonID,smallint,yes,Production.ScrapReason.ScrapReasonID,
Production,ScrapReason,Name,nvarchar,,Production.ScrapReason.Name,
Production,ScrapReason,ModifiedDate,datetime,,Production.ScrapReason.ModifiedDate,
Production,TransactionHistory,TransactionID,int,yes,Production.TransactionHistory.TransactionID,
Production,TransactionHistory,ProductID,int,,Production.TransactionHistory.ProductID,Production.Product.ProductID
Production,TransactionHistory,ReferenceOrderID,int,,Production.TransactionHistory.ReferenceOrderID,
Production,TransactionHistory,ReferenceOrderLineID,int,,Production.TransactionHistory.ReferenceOrderLineID,
Production,TransactionHistory,TransactionDate,datetime,,Production.TransactionHistory.TransactionDate,
Production,TransactionHistory,TransactionType,nchar,,Production.TransactionHistory.TransactionType,
Production,TransactionHistory,Quantity,int,,Production.TransactionHistory.Quantity,
Production,TransactionHistory,ActualCost,money,,Production.TransactionHistory.ActualCost,
Production,TransactionHistory,ModifiedDate,datetime,,Production.TransactionHistory.ModifiedDate,
Production,TransactionHistoryArchive,TransactionID,int,yes,Production.TransactionHistoryArchive.TransactionID,
Production,TransactionHistoryArchive,ProductID,int,,Production.TransactionHistoryArchive.ProductID,
Production,TransactionHistoryArchive,ReferenceOrderID,int,,Production.TransactionHistoryArchive.ReferenceOrderID,
Production,TransactionHistoryArchive,ReferenceOrderLineID,int,,Production.TransactionHistoryArchive.ReferenceOrderLineID,
Production,TransactionHistoryArchive,TransactionDate,datetime,,Production.TransactionHistoryArchive.TransactionDate,
Production,TransactionHistoryArchive,TransactionType,nchar,,Production.TransactionHistoryArchive.TransactionType,
Production,TransactionHistoryArchive,Quantity,int,,Production.TransactionHistoryArchive.Quantity,
Production,TransactionHistoryArchive,ActualCost,money,,Production.TransactionHistoryArchive.ActualCost,
Production,TransactionHistoryArchive,ModifiedDate,datetime,,Production.TransactionHistoryArchive.ModifiedDate,
Production,UnitMeasure,UnitMeasureCode,nchar,yes,Production.UnitMeasure.UnitMeasureCode,
Production,UnitMeasure,Name,nvarchar,,Production.UnitMeasure.Name,
Production,UnitMeasure,ModifiedDate,datetime,,Production.UnitMeasure.ModifiedDate,
Production,vProductAndDescription,ProductID,int,,Production.vProductAndDescription.ProductID,
Production,vProductAndDescription,Name,nvarchar,,Production.vProductAndDescription.Name,
Production,vProductAndDescription,ProductModel,nvarchar,,Production.vProductAndDescription.ProductModel,
Production,vProductAndDescription,CultureID,nchar,,Production.vProductAndDescription.CultureID,
Production,vProductAndDescription,Description,nvarchar,,Production.vProductAndDescription.Description,
Production,vProductModelCatalogDescription,ProductModelID,int,,Production.vProductModelCatalogDescription.ProductModelID,
Production,vProductModelCatalogDescription,Name,nvarchar,,Production.vProductModelCatalogDescription.Name,
Production,vProductModelCatalogDescription,Summary,nvarchar,,Production.vProductModelCatalogDescription.Summary,
Production,vProductModelCatalogDescription,Manufacturer,nvarchar,,Production.vProductModelCatalogDescription.Manufacturer,
Production,vProductModelCatalogDescription,Copyright,nvarchar,,Production.vProductModelCatalogDescription.Copyright,
Production,vProductModelCatalogDescription,ProductURL,nvarchar,,Production.vProductModelCatalogDescription.ProductURL,
Production,vProductModelCatalogDescription,WarrantyPeriod,nvarchar,,Production.vProductModelCatalogDescription.WarrantyPeriod,
Production,vProductModelCatalogDescription,WarrantyDescription,nvarchar,,Production.vProductModelCatalogDescription.WarrantyDescription,
Production,vProductModelCatalogDescription,NoOfYears,nvarchar,,Production.vProductModelCatalogDescription.NoOfYears,
Production,vProductModelCatalogDescription,MaintenanceDescription,nvarchar,,Production.vProductModelCatalogDescription.MaintenanceDescription,
Production,vProductModelCatalogDescription,Wheel,nvarchar,,Production.vProductModelCatalogDescription.Wheel,
Production,vProductModelCatalogDescription,Saddle,nvarchar,,Production.vProductModelCatalogDescription.Saddle,
Production,vProductModelCatalogDescription,Pedal,nvarchar,,Production.vProductModelCatalogDescription.Pedal,
Production,vProductModelCatalogDescription,BikeFrame,nvarchar,,Production.vProductModelCatalogDescription.BikeFrame,
Production,vProductModelCatalogDescription,Crankset,nvarchar,,Production.vProductModelCatalogDescription.Crankset,
Production,vProductModelCatalogDescription,PictureAngle,nvarchar,,Production.vProductModelCatalogDescription.PictureAngle,
Production,vProductModelCatalogDescription,PictureSize,nvarchar,,Production.vProductModelCatalogDescription.PictureSize,
Production,vProductModelCatalogDescription,ProductPhotoID,nvarchar,,Production.vProductModelCatalogDescription.ProductPhotoID,
Production,vProductModelCatalogDescription,Material,nvarchar,,Production.vProductModelCatalogDescription.Material,
Production,vProductModelCatalogDescription,Color,nvarchar,,Production.vProductModelCatalogDescription.Color,
Production,vProductModelCatalogDescription,ProductLine,nvarchar,,Production.vProductModelCatalogDescription.ProductLine,
Production,vProductModelCatalogDescription,Style,nvarchar,,Production.vProductModelCatalogDescription.Style,
Production,vProductModelCatalogDescription,RiderExperience,nvarchar,,Production.vProductModelCatalogDescription.RiderExperience,
Production,vProductModelCatalogDescription,rowguid,uniqueidentifier,,Production.vProductModelCatalogDescription.rowguid,
Production,vProductModelCatalogDescription,ModifiedDate,datetime,,Production.vProductModelCatalogDescription.ModifiedDate,
Production,vProductModelInstructions,ProductModelID,int,,Production.vProductModelInstructions.ProductModelID,
Production,vProductModelInstructions,Name,nvarchar,,Production.vProductModelInstructions.Name,
Production,vProductModelInstructions,Instructions,nvarchar,,Production.vProductModelInstructions.Instructions,
Production,vProductModelInstructions,LocationID,int,,Production.vProductModelInstructions.LocationID,
Production,vProductModelInstructions,SetupHours,decimal,,Production.vProductModelInstructions.SetupHours,
Production,vProductModelInstructions,MachineHours,decimal,,Production.vProductModelInstructions.MachineHours,
Production,vProductModelInstructions,LaborHours,decimal,,Production.vProductModelInstructions.LaborHours,
Production,vProductModelInstructions,LotSize,int,,Production.vProductModelInstructions.LotSize,
Production,vProductModelInstructions,Step,nvarchar,,Production.vProductModelInstructions.Step,
Production,vProductModelInstructions,rowguid,uniqueidentifier,,Production.vProductModelInstructions.rowguid,
Production,vProductModelInstructions,ModifiedDate,datetime,,Production.vProductModelInstructions.ModifiedDate,
Production,WorkOrder,WorkOrderID,int,yes,Production.WorkOrder.WorkOrderID,
Production,WorkOrder,ProductID,int,,Production.WorkOrder.ProductID,Production.Product.ProductID
Production,WorkOrder,OrderQty,int,,Production.WorkOrder.OrderQty,
Production,WorkOrder,StockedQty,int,,Production.WorkOrder.StockedQty,
Production,WorkOrder,ScrappedQty,smallint,,Production.WorkOrder.ScrappedQty,
Production,WorkOrder,StartDate,datetime,,Production.WorkOrder.StartDate,
Production,WorkOrder,EndDate,datetime,,Production.WorkOrder.EndDate,
Production,WorkOrder,DueDate,datetime,,Production.WorkOrder.DueDate,
Production,WorkOrder,ScrapReasonID,smallint,,Production.WorkOrder.ScrapReasonID,Production.ScrapReason.ScrapReasonID
Production,WorkOrder,ModifiedDate,datetime,,Production.WorkOrder.ModifiedDate,
Production,WorkOrderRouting,WorkOrderID,int,yes,Production.WorkOrderRouting.WorkOrderID,Production.WorkOrder.WorkOrderID
Production,WorkOrderRouting,ProductID,int,yes,Production.WorkOrderRouting.ProductID,
Production,WorkOrderRouting,OperationSequence,smallint,yes,Production.WorkOrderRouting.OperationSequence,
Production,WorkOrderRouting,LocationID,smallint,,Production.WorkOrderRouting.LocationID,Production.Location.LocationID
Production,WorkOrderRouting,ScheduledStartDate,datetime,,Production.WorkOrderRouting.ScheduledStartDate,
Production,WorkOrderRouting,ScheduledEndDate,datetime,,Production.WorkOrderRouting.ScheduledEndDate,
Production,WorkOrderRouting,ActualStartDate,datetime,,Production.WorkOrderRouting.ActualStartDate,
Production,WorkOrderRouting,ActualEndDate,datetime,,Production.WorkOrderRouting.ActualEndDate,
Production,WorkOrderRouting,ActualResourceHrs,decimal,,Production.WorkOrderRouting.ActualResourceHrs,
Production,WorkOrderRouting,PlannedCost,money,,Production.WorkOrderRouting.PlannedCost,
Production,WorkOrderRouting,ActualCost,money,,Production.WorkOrderRouting.ActualCost,
Production,WorkOrderRouting,ModifiedDate,datetime,,Production.WorkOrderRouting.ModifiedDate,
Purchasing,ProductVendor,ProductID,int,yes,Purchasing.ProductVendor.ProductID,Production.Product.ProductID
Purchasing,ProductVendor,BusinessEntityID,int,yes,Purchasing.ProductVendor.BusinessEntityID,Purchasing.Vendor.BusinessEntityID
Purchasing,ProductVendor,AverageLeadTime,int,,Purchasing.ProductVendor.AverageLeadTime,
Purchasing,ProductVendor,StandardPrice,money,,Purchasing.ProductVendor.StandardPrice,
Purchasing,ProductVendor,LastReceiptCost,money,,Purchasing.ProductVendor.LastReceiptCost,
Purchasing,ProductVendor,LastReceiptDate,datetime,,Purchasing.ProductVendor.LastReceiptDate,
Purchasing,ProductVendor,MinOrderQty,int,,Purchasing.ProductVendor.MinOrderQty,
Purchasing,ProductVendor,MaxOrderQty,int,,Purchasing.ProductVendor.MaxOrderQty,
Purchasing,ProductVendor,OnOrderQty,int,,Purchasing.ProductVendor.OnOrderQty,
Purchasing,ProductVendor,UnitMeasureCode,nchar,,Purchasing.ProductVendor.UnitMeasureCode,Production.UnitMeasure.UnitMeasureCode
Purchasing,ProductVendor,ModifiedDate,datetime,,Purchasing.ProductVendor.ModifiedDate,
Purchasing,PurchaseOrderDetail,PurchaseOrderID,int,yes,Purchasing.PurchaseOrderDetail.PurchaseOrderID,Purchasing.PurchaseOrderHeader.PurchaseOrderID
Purchasing,PurchaseOrderDetail,PurchaseOrderDetailID,int,yes,Purchasing.PurchaseOrderDetail.PurchaseOrderDetailID,
Purchasing,PurchaseOrderDetail,DueDate,datetime,,Purchasing.PurchaseOrderDetail.DueDate,
Purchasing,PurchaseOrderDetail,OrderQty,smallint,,Purchasing.PurchaseOrderDetail.OrderQty,
Purchasing,PurchaseOrderDetail,ProductID,int,,Purchasing.PurchaseOrderDetail.ProductID,Production.Product.ProductID
Purchasing,PurchaseOrderDetail,UnitPrice,money,,Purchasing.PurchaseOrderDetail.UnitPrice,
Purchasing,PurchaseOrderDetail,LineTotal,money,,Purchasing.PurchaseOrderDetail.LineTotal,
Purchasing,PurchaseOrderDetail,ReceivedQty,decimal,,Purchasing.PurchaseOrderDetail.ReceivedQty,
Purchasing,PurchaseOrderDetail,RejectedQty,decimal,,Purchasing.PurchaseOrderDetail.RejectedQty,
Purchasing,PurchaseOrderDetail,StockedQty,decimal,,Purchasing.PurchaseOrderDetail.StockedQty,
Purchasing,PurchaseOrderDetail,ModifiedDate,datetime,,Purchasing.PurchaseOrderDetail.ModifiedDate,
Purchasing,PurchaseOrderHeader,PurchaseOrderID,int,yes,Purchasing.PurchaseOrderHeader.PurchaseOrderID,
Purchasing,PurchaseOrderHeader,RevisionNumber,tinyint,,Purchasing.PurchaseOrderHeader.RevisionNumber,
Purchasing,PurchaseOrderHeader,Status,tinyint,,Purchasing.PurchaseOrderHeader.Status,
Purchasing,PurchaseOrderHeader,EmployeeID,int,,Purchasing.PurchaseOrderHeader.EmployeeID,HumanResources.Employee.BusinessEntityID
Purchasing,PurchaseOrderHeader,VendorID,int,,Purchasing.PurchaseOrderHeader.VendorID,Purchasing.Vendor.BusinessEntityID
Purchasing,PurchaseOrderHeader,ShipMethodID,int,,Purchasing.PurchaseOrderHeader.ShipMethodID,Purchasing.ShipMethod.ShipMethodID
Purchasing,PurchaseOrderHeader,OrderDate,datetime,,Purchasing.PurchaseOrderHeader.OrderDate,
Purchasing,PurchaseOrderHeader,ShipDate,datetime,,Purchasing.PurchaseOrderHeader.ShipDate,
Purchasing,PurchaseOrderHeader,SubTotal,money,,Purchasing.PurchaseOrderHeader.SubTotal,
Purchasing,PurchaseOrderHeader,TaxAmt,money,,Purchasing.PurchaseOrderHeader.TaxAmt,
Purchasing,PurchaseOrderHeader,Freight,money,,Purchasing.PurchaseOrderHeader.Freight,
Purchasing,PurchaseOrderHeader,TotalDue,money,,Purchasing.PurchaseOrderHeader.TotalDue,
Purchasing,PurchaseOrderHeader,ModifiedDate,datetime,,Purchasing.PurchaseOrderHeader.ModifiedDate,
Purchasing,ShipMethod,ShipMethodID,int,yes,Purchasing.ShipMethod.ShipMethodID,
Purchasing,ShipMethod,Name,nvarchar,,Purchasing.ShipMethod.Name,
Purchasing,ShipMethod,ShipBase,money,,Purchasing.ShipMethod.ShipBase,
Purchasing,ShipMethod,ShipRate,money,,Purchasing.ShipMethod.ShipRate,
Purchasing,ShipMethod,rowguid,uniqueidentifier,,Purchasing.ShipMethod.rowguid,
Purchasing,ShipMethod,ModifiedDate,datetime,,Purchasing.ShipMethod.ModifiedDate,
Purchasing,Vendor,BusinessEntityID,int,yes,Purchasing.Vendor.BusinessEntityID,Person.BusinessEntity.BusinessEntityID
Purchasing,Vendor,AccountNumber,nvarchar,,Purchasing.Vendor.AccountNumber,
Purchasing,Vendor,Name,nvarchar,,Purchasing.Vendor.Name,
Purchasing,Vendor,CreditRating,tinyint,,Purchasing.Vendor.CreditRating,
Purchasing,Vendor,PreferredVendorStatus,bit,,Purchasing.Vendor.PreferredVendorStatus,
Purchasing,Vendor,ActiveFlag,bit,,Purchasing.Vendor.ActiveFlag,
Purchasing,Vendor,PurchasingWebServiceURL,nvarchar,,Purchasing.Vendor.PurchasingWebServiceURL,
Purchasing,Vendor,ModifiedDate,datetime,,Purchasing.Vendor.ModifiedDate,
Purchasing,vVendorWithAddresses,BusinessEntityID,int,,Purchasing.vVendorWithAddresses.BusinessEntityID,
Purchasing,vVendorWithAddresses,Name,nvarchar,,Purchasing.vVendorWithAddresses.Name,
Purchasing,vVendorWithAddresses,AddressType,nvarchar,,Purchasing.vVendorWithAddresses.AddressType,
Purchasing,vVendorWithAddresses,AddressLine1,nvarchar,,Purchasing.vVendorWithAddresses.AddressLine1,
Purchasing,vVendorWithAddresses,AddressLine2,nvarchar,,Purchasing.vVendorWithAddresses.AddressLine2,
Purchasing,vVendorWithAddresses,City,nvarchar,,Purchasing.vVendorWithAddresses.City,
Purchasing,vVendorWithAddresses,StateProvinceName,nvarchar,,Purchasing.vVendorWithAddresses.StateProvinceName,
Purchasing,vVendorWithAddresses,PostalCode,nvarchar,,Purchasing.vVendorWithAddresses.PostalCode,
Purchasing,vVendorWithAddresses,CountryRegionName,nvarchar,,Purchasing.vVendorWithAddresses.CountryRegionName,
Purchasing,vVendorWithContacts,BusinessEntityID,int,,Purchasing.vVendorWithContacts.BusinessEntityID,
Purchasing,vVendorWithContacts,Name,nvarchar,,Purchasing.vVendorWithContacts.Name,
Purchasing,vVendorWithContacts,ContactType,nvarchar,,Purchasing.vVendorWithContacts.ContactType,
Purchasing,vVendorWithContacts,Title,nvarchar,,Purchasing.vVendorWithContacts.Title,
Purchasing,vVendorWithContacts,FirstName,nvarchar,,Purchasing.vVendorWithContacts.FirstName,
Purchasing,vVendorWithContacts,MiddleName,nvarchar,,Purchasing.vVendorWithContacts.MiddleName,
Purchasing,vVendorWithContacts,LastName,nvarchar,,Purchasing.vVendorWithContacts.LastName,
Purchasing,vVendorWithContacts,Suffix,nvarchar,,Purchasing.vVendorWithContacts.Suffix,
Purchasing,vVendorWithContacts,PhoneNumber,nvarchar,,Purchasing.vVendorWithContacts.PhoneNumber,
Purchasing,vVendorWithContacts,PhoneNumberType,nvarchar,,Purchasing.vVendorWithContacts.PhoneNumberType,
Purchasing,vVendorWithContacts,EmailAddress,nvarchar,,Purchasing.vVendorWithContacts.EmailAddress,
Purchasing,vVendorWithContacts,EmailPromotion,int,,Purchasing.vVendorWithContacts.EmailPromotion,
Sales,CountryRegionCurrency,CountryRegionCode,nvarchar,yes,Sales.CountryRegionCurrency.CountryRegionCode,Person.CountryRegion.CountryRegionCode
Sales,CountryRegionCurrency,CurrencyCode,nchar,yes,Sales.CountryRegionCurrency.CurrencyCode,Sales.Currency.CurrencyCode
Sales,CountryRegionCurrency,ModifiedDate,datetime,,Sales.CountryRegionCurrency.ModifiedDate,
Sales,CreditCard,CreditCardID,int,yes,Sales.CreditCard.CreditCardID,
Sales,CreditCard,CardType,nvarchar,,Sales.CreditCard.CardType,
Sales,CreditCard,CardNumber,nvarchar,,Sales.CreditCard.CardNumber,
Sales,CreditCard,ExpMonth,tinyint,,Sales.CreditCard.ExpMonth,
Sales,CreditCard,ExpYear,smallint,,Sales.CreditCard.ExpYear,
Sales,CreditCard,ModifiedDate,datetime,,Sales.CreditCard.ModifiedDate,
Sales,Currency,CurrencyCode,nchar,yes,Sales.Currency.CurrencyCode,
Sales,Currency,Name,nvarchar,,Sales.Currency.Name,
Sales,Currency,ModifiedDate,datetime,,Sales.Currency.ModifiedDate,
Sales,CurrencyRate,CurrencyRateID,int,yes,Sales.CurrencyRate.CurrencyRateID,
Sales,CurrencyRate,CurrencyRateDate,datetime,,Sales.CurrencyRate.CurrencyRateDate,
Sales,CurrencyRate,FromCurrencyCode,nchar,,Sales.CurrencyRate.FromCurrencyCode,Sales.Currency.CurrencyCode
Sales,CurrencyRate,ToCurrencyCode,nchar,,Sales.CurrencyRate.ToCurrencyCode,Sales.Currency.CurrencyCode
Sales,CurrencyRate,AverageRate,money,,Sales.CurrencyRate.AverageRate,
Sales,CurrencyRate,EndOfDayRate,money,,Sales.CurrencyRate.EndOfDayRate,
Sales,CurrencyRate,ModifiedDate,datetime,,Sales.CurrencyRate.ModifiedDate,
Sales,Customer,CustomerID,int,yes,Sales.Customer.CustomerID,
Sales,Customer,PersonID,int,,Sales.Customer.PersonID,Person.Person.BusinessEntityID
Sales,Customer,StoreID,int,,Sales.Customer.StoreID,Sales.Store.BusinessEntityID
Sales,Customer,TerritoryID,int,,Sales.Customer.TerritoryID,Sales.SalesTerritory.TerritoryID
Sales,Customer,AccountNumber,varchar,,Sales.Customer.AccountNumber,
Sales,Customer,rowguid,uniqueidentifier,,Sales.Customer.rowguid,
Sales,Customer,ModifiedDate,datetime,,Sales.Customer.ModifiedDate,
Sales,PersonCreditCard,BusinessEntityID,int,yes,Sales.PersonCreditCard.BusinessEntityID,Person.Person.BusinessEntityID
Sales,PersonCreditCard,CreditCardID,int,yes,Sales.PersonCreditCard.CreditCardID,Sales.CreditCard.CreditCardID
Sales,PersonCreditCard,ModifiedDate,datetime,,Sales.PersonCreditCard.ModifiedDate,
Sales,SalesOrderDetail,SalesOrderID,int,yes,Sales.SalesOrderDetail.SalesOrderID,Sales.SalesOrderHeader.SalesOrderID
Sales,SalesOrderDetail,SalesOrderDetailID,int,yes,Sales.SalesOrderDetail.SalesOrderDetailID,
Sales,SalesOrderDetail,CarrierTrackingNumber,nvarchar,,Sales.SalesOrderDetail.CarrierTrackingNumber,
Sales,SalesOrderDetail,OrderQty,smallint,,Sales.SalesOrderDetail.OrderQty,
Sales,SalesOrderDetail,ProductID,int,,Sales.SalesOrderDetail.ProductID,Part of a composit key with SpecialOfferID. Reffers to a composit key made of ProdutID and SpecialOfferID in Sales.SpecialOfferProduct.
Sales,SalesOrderDetail,SpecialOfferID,int,,Sales.SalesOrderDetail.SpecialOfferID,Part of a composit key with productID Reffers to a composit key made of ProductID and SpecialOfferID in Sales.SpecialOfferProduct.
Sales,SalesOrderDetail,UnitPrice,money,,Sales.SalesOrderDetail.UnitPrice,
Sales,SalesOrderDetail,UnitPriceDiscount,money,,Sales.SalesOrderDetail.UnitPriceDiscount,
Sales,SalesOrderDetail,LineTotal,numeric,,Sales.SalesOrderDetail.LineTotal,
Sales,SalesOrderDetail,rowguid,uniqueidentifier,,Sales.SalesOrderDetail.rowguid,
Sales,SalesOrderDetail,ModifiedDate,datetime,,Sales.SalesOrderDetail.ModifiedDate,
Sales,SalesOrderHeader,SalesOrderID,int,yes,Sales.SalesOrderHeader.SalesOrderID,
Sales,SalesOrderHeader,RevisionNumber,tinyint,,Sales.SalesOrderHeader.RevisionNumber,
Sales,SalesOrderHeader,OrderDate,datetime,,Sales.SalesOrderHeader.OrderDate,
Sales,SalesOrderHeader,DueDate,datetime,,Sales.SalesOrderHeader.DueDate,
Sales,SalesOrderHeader,ShipDate,datetime,,Sales.SalesOrderHeader.ShipDate,
Sales,SalesOrderHeader,Status,tinyint,,Sales.SalesOrderHeader.Status,
Sales,SalesOrderHeader,OnlineOrderFlag,bit,,Sales.SalesOrderHeader.OnlineOrderFlag,
Sales,SalesOrderHeader,SalesOrderNumber,nvarchar,,Sales.SalesOrderHeader.SalesOrderNumber,
Sales,SalesOrderHeader,PurchaseOrderNumber,nvarchar,,Sales.SalesOrderHeader.PurchaseOrderNumber,
Sales,SalesOrderHeader,AccountNumber,nvarchar,,Sales.SalesOrderHeader.AccountNumber,
Sales,SalesOrderHeader,CustomerID,int,,Sales.SalesOrderHeader.CustomerID,Sales.Customer.CustomerID
Sales,SalesOrderHeader,SalesPersonID,int,,Sales.SalesOrderHeader.SalesPersonID,Sales.SalesPerson.BusinessEntityID
Sales,SalesOrderHeader,TerritoryID,int,,Sales.SalesOrderHeader.TerritoryID,Sales.SalesTerritory.TerritoryID
Sales,SalesOrderHeader,BillToAddressID,int,,Sales.SalesOrderHeader.BillToAddressID,Person.Address.AddressID
Sales,SalesOrderHeader,ShipToAddressID,int,,Sales.SalesOrderHeader.ShipToAddressID,Person.Address.AddressID
Sales,SalesOrderHeader,ShipMethodID,int,,Sales.SalesOrderHeader.ShipMethodID,Purchasing.ShipMethod.ShipMethodID
Sales,SalesOrderHeader,CreditCardID,int,,Sales.SalesOrderHeader.CreditCardID,Sales.CreditCard.CreditCardID
Sales,SalesOrderHeader,CreditCardApprovalCode,varchar,,Sales.SalesOrderHeader.CreditCardApprovalCode,
Sales,SalesOrderHeader,CurrencyRateID,int,,Sales.SalesOrderHeader.CurrencyRateID,Sales.CurrencyRate.CurrencyRateID
Sales,SalesOrderHeader,SubTotal,money,,Sales.SalesOrderHeader.SubTotal,
Sales,SalesOrderHeader,TaxAmt,money,,Sales.SalesOrderHeader.TaxAmt,
Sales,SalesOrderHeader,Freight,money,,Sales.SalesOrderHeader.Freight,
Sales,SalesOrderHeader,TotalDue,money,,Sales.SalesOrderHeader.TotalDue,
Sales,SalesOrderHeader,Comment,nvarchar,,Sales.SalesOrderHeader.Comment,
Sales,SalesOrderHeader,rowguid,uniqueidentifier,,Sales.SalesOrderHeader.rowguid,
Sales,SalesOrderHeader,ModifiedDate,datetime,,Sales.SalesOrderHeader.ModifiedDate,
Sales,SalesOrderHeaderSalesReason,SalesOrderID,int,yes,Sales.SalesOrderHeaderSalesReason.SalesOrderID,Sales.SalesOrderHeader.SalesOrderID
Sales,SalesOrderHeaderSalesReason,SalesReasonID,int,yes,Sales.SalesOrderHeaderSalesReason.SalesReasonID,Sales.SalesReason.SalesReasonID
Sales,SalesOrderHeaderSalesReason,ModifiedDate,datetime,,Sales.SalesOrderHeaderSalesReason.ModifiedDate,
Sales,SalesPerson,BusinessEntityID,int,yes,Sales.SalesPerson.BusinessEntityID,HumanResources.Employee.BusinessEntityID
Sales,SalesPerson,TerritoryID,int,,Sales.SalesPerson.TerritoryID,Sales.SalesTerritory.TerritoryID
Sales,SalesPerson,SalesQuota,money,,Sales.SalesPerson.SalesQuota,
Sales,SalesPerson,Bonus,money,,Sales.SalesPerson.Bonus,
Sales,SalesPerson,CommissionPct,smallmoney,,Sales.SalesPerson.CommissionPct,
Sales,SalesPerson,SalesYTD,money,,Sales.SalesPerson.SalesYTD,
Sales,SalesPerson,SalesLastYear,money,,Sales.SalesPerson.SalesLastYear,
Sales,SalesPerson,rowguid,uniqueidentifier,,Sales.SalesPerson.rowguid,
Sales,SalesPerson,ModifiedDate,datetime,,Sales.SalesPerson.ModifiedDate,
Sales,SalesPersonQuotaHistory,BusinessEntityID,int,yes,Sales.SalesPersonQuotaHistory.BusinessEntityID,Sales.SalesPerson.BusinessEntityID
Sales,SalesPersonQuotaHistory,QuotaDate,datetime,yes,Sales.SalesPersonQuotaHistory.QuotaDate,
Sales,SalesPersonQuotaHistory,SalesQuota,money,,Sales.SalesPersonQuotaHistory.SalesQuota,
Sales,SalesPersonQuotaHistory,rowguid,uniqueidentifier,,Sales.SalesPersonQuotaHistory.rowguid,
Sales,SalesPersonQuotaHistory,ModifiedDate,datetime,,Sales.SalesPersonQuotaHistory.ModifiedDate,
Sales,SalesReason,SalesReasonID,int,yes,Sales.SalesReason.SalesReasonID,
Sales,SalesReason,Name,nvarchar,,Sales.SalesReason.Name,
Sales,SalesReason,ReasonType,nvarchar,,Sales.SalesReason.ReasonType,
Sales,SalesReason,ModifiedDate,datetime,,Sales.SalesReason.ModifiedDate,
Sales,SalesTaxRate,SalesTaxRateID,int,yes,Sales.SalesTaxRate.SalesTaxRateID,
Sales,SalesTaxRate,StateProvinceID,int,,Sales.SalesTaxRate.StateProvinceID,Person.StateProvince.StateProvinceID
Sales,SalesTaxRate,TaxType,tinyint,,Sales.SalesTaxRate.TaxType,
Sales,SalesTaxRate,TaxRate,smallmoney,,Sales.SalesTaxRate.TaxRate,
Sales,SalesTaxRate,Name,nvarchar,,Sales.SalesTaxRate.Name,
Sales,SalesTaxRate,rowguid,uniqueidentifier,,Sales.SalesTaxRate.rowguid,
Sales,SalesTaxRate,ModifiedDate,datetime,,Sales.SalesTaxRate.ModifiedDate,
Sales,SalesTerritory,TerritoryID,int,yes,Sales.SalesTerritory.TerritoryID,
Sales,SalesTerritory,Name,nvarchar,,Sales.SalesTerritory.Name,
Sales,SalesTerritory,CountryRegionCode,nvarchar,,Sales.SalesTerritory.CountryRegionCode,Person.CountryRegion.CountryRegionCode
Sales,SalesTerritory,Group,nvarchar,,Sales.SalesTerritory.Group,
Sales,SalesTerritory,SalesYTD,money,,Sales.SalesTerritory.SalesYTD,
Sales,SalesTerritory,SalesLastYear,money,,Sales.SalesTerritory.SalesLastYear,
Sales,SalesTerritory,CostYTD,money,,Sales.SalesTerritory.CostYTD,
Sales,SalesTerritory,CostLastYear,money,,Sales.SalesTerritory.CostLastYear,
Sales,SalesTerritory,rowguid,uniqueidentifier,,Sales.SalesTerritory.rowguid,
Sales,SalesTerritory,ModifiedDate,datetime,,Sales.SalesTerritory.ModifiedDate,
Sales,SalesTerritoryHistory,BusinessEntityID,int,yes,Sales.SalesTerritoryHistory.BusinessEntityID,Sales.SalesPerson.BusinessEntityID
Sales,SalesTerritoryHistory,TerritoryID,int,yes,Sales.SalesTerritoryHistory.TerritoryID,Sales.SalesTerritory.TerritoryID
Sales,SalesTerritoryHistory,StartDate,datetime,yes,Sales.SalesTerritoryHistory.StartDate,
Sales,SalesTerritoryHistory,EndDate,datetime,,Sales.SalesTerritoryHistory.EndDate,
Sales,SalesTerritoryHistory,rowguid,uniqueidentifier,,Sales.SalesTerritoryHistory.rowguid,
Sales,SalesTerritoryHistory,ModifiedDate,datetime,,Sales.SalesTerritoryHistory.ModifiedDate,
Sales,ShoppingCartItem,ShoppingCartItemID,int,yes,Sales.ShoppingCartItem.ShoppingCartItemID,
Sales,ShoppingCartItem,ShoppingCartID,nvarchar,,Sales.ShoppingCartItem.ShoppingCartID,
Sales,ShoppingCartItem,Quantity,int,,Sales.ShoppingCartItem.Quantity,
Sales,ShoppingCartItem,ProductID,int,,Sales.ShoppingCartItem.ProductID,Production.Product.ProductID
Sales,ShoppingCartItem,DateCreated,datetime,,Sales.ShoppingCartItem.DateCreated,
Sales,ShoppingCartItem,ModifiedDate,datetime,,Sales.ShoppingCartItem.ModifiedDate,
Sales,SpecialOffer,SpecialOfferID,int,yes,Sales.SpecialOffer.SpecialOfferID,
Sales,SpecialOffer,Description,nvarchar,,Sales.SpecialOffer.Description,
Sales,SpecialOffer,DiscountPct,smallmoney,,Sales.SpecialOffer.DiscountPct,
Sales,SpecialOffer,Type,nvarchar,,Sales.SpecialOffer.Type,
Sales,SpecialOffer,Category,nvarchar,,Sales.SpecialOffer.Category,
Sales,SpecialOffer,StartDate,datetime,,Sales.SpecialOffer.StartDate,
Sales,SpecialOffer,EndDate,datetime,,Sales.SpecialOffer.EndDate,
Sales,SpecialOffer,MinQty,int,,Sales.SpecialOffer.MinQty,
Sales,SpecialOffer,MaxQty,int,,Sales.SpecialOffer.MaxQty,
Sales,SpecialOffer,rowguid,uniqueidentifier,,Sales.SpecialOffer.rowguid,
Sales,SpecialOffer,ModifiedDate,datetime,,Sales.SpecialOffer.ModifiedDate,
Sales,SpecialOfferProduct,SpecialOfferID,int,yes,Sales.SpecialOfferProduct.SpecialOfferID,Sales.SpecialOffer.SpecialOfferID
Sales,SpecialOfferProduct,ProductID,int,yes,Sales.SpecialOfferProduct.ProductID,Production.Product.ProductID
Sales,SpecialOfferProduct,rowguid,uniqueidentifier,,Sales.SpecialOfferProduct.rowguid,
Sales,SpecialOfferProduct,ModifiedDate,datetime,,Sales.SpecialOfferProduct.ModifiedDate,
Sales,Store,BusinessEntityID,int,yes,Sales.Store.BusinessEntityID,Person.BusinessEntity.BusinessEntityID
Sales,Store,Name,nvarchar,,Sales.Store.Name,
Sales,Store,SalesPersonID,int,,Sales.Store.SalesPersonID,Sales.SalesPerson.BusinessEntityID
Sales,Store,Demographics,xml,,Sales.Store.Demographics,
Sales,Store,rowguid,uniqueidentifier,,Sales.Store.rowguid,
Sales,Store,ModifiedDate,datetime,,Sales.Store.ModifiedDate,
Sales,vIndividualCustomer,BusinessEntityID,int,,Sales.vIndividualCustomer.BusinessEntityID,
Sales,vIndividualCustomer,Title,nvarchar,,Sales.vIndividualCustomer.Title,
Sales,vIndividualCustomer,FirstName,nvarchar,,Sales.vIndividualCustomer.FirstName,
Sales,vIndividualCustomer,MiddleName,nvarchar,,Sales.vIndividualCustomer.MiddleName,
Sales,vIndividualCustomer,LastName,nvarchar,,Sales.vIndividualCustomer.LastName,
Sales,vIndividualCustomer,Suffix,nvarchar,,Sales.vIndividualCustomer.Suffix,
Sales,vIndividualCustomer,PhoneNumber,nvarchar,,Sales.vIndividualCustomer.PhoneNumber,
Sales,vIndividualCustomer,PhoneNumberType,nvarchar,,Sales.vIndividualCustomer.PhoneNumberType,
Sales,vIndividualCustomer,EmailAddress,nvarchar,,Sales.vIndividualCustomer.EmailAddress,
Sales,vIndividualCustomer,EmailPromotion,int,,Sales.vIndividualCustomer.EmailPromotion,
Sales,vIndividualCustomer,AddressType,nvarchar,,Sales.vIndividualCustomer.AddressType,
Sales,vIndividualCustomer,AddressLine1,nvarchar,,Sales.vIndividualCustomer.AddressLine1,
Sales,vIndividualCustomer,AddressLine2,nvarchar,,Sales.vIndividualCustomer.AddressLine2,
Sales,vIndividualCustomer,City,nvarchar,,Sales.vIndividualCustomer.City,
Sales,vIndividualCustomer,StateProvinceName,nvarchar,,Sales.vIndividualCustomer.StateProvinceName,
Sales,vIndividualCustomer,PostalCode,nvarchar,,Sales.vIndividualCustomer.PostalCode,
Sales,vIndividualCustomer,CountryRegionName,nvarchar,,Sales.vIndividualCustomer.CountryRegionName,
Sales,vIndividualCustomer,Demographics,xml,,Sales.vIndividualCustomer.Demographics,
Sales,vPersonDemographics,BusinessEntityID,int,,Sales.vPersonDemographics.BusinessEntityID,
Sales,vPersonDemographics,TotalPurchaseYTD,money,,Sales.vPersonDemographics.TotalPurchaseYTD,
Sales,vPersonDemographics,DateFirstPurchase,datetime,,Sales.vPersonDemographics.DateFirstPurchase,
Sales,vPersonDemographics,BirthDate,datetime,,Sales.vPersonDemographics.BirthDate,
Sales,vPersonDemographics,MaritalStatus,nvarchar,,Sales.vPersonDemographics.MaritalStatus,
Sales,vPersonDemographics,YearlyIncome,nvarchar,,Sales.vPersonDemographics.YearlyIncome,
Sales,vPersonDemographics,Gender,nvarchar,,Sales.vPersonDemographics.Gender,
Sales,vPersonDemographics,TotalChildren,int,,Sales.vPersonDemographics.TotalChildren,
Sales,vPersonDemographics,NumberChildrenAtHome,int,,Sales.vPersonDemographics.NumberChildrenAtHome,
Sales,vPersonDemographics,Education,nvarchar,,Sales.vPersonDemographics.Education,
Sales,vPersonDemographics,Occupation,nvarchar,,Sales.vPersonDemographics.Occupation,
Sales,vPersonDemographics,HomeOwnerFlag,bit,,Sales.vPersonDemographics.HomeOwnerFlag,
Sales,vPersonDemographics,NumberCarsOwned,int,,Sales.vPersonDemographics.NumberCarsOwned,
Sales,vSalesPerson,BusinessEntityID,int,,Sales.vSalesPerson.BusinessEntityID,
Sales,vSalesPerson,Title,nvarchar,,Sales.vSalesPerson.Title,
Sales,vSalesPerson,FirstName,nvarchar,,Sales.vSalesPerson.FirstName,
Sales,vSalesPerson,MiddleName,nvarchar,,Sales.vSalesPerson.MiddleName,
Sales,vSalesPerson,LastName,nvarchar,,Sales.vSalesPerson.LastName,
Sales,vSalesPerson,Suffix,nvarchar,,Sales.vSalesPerson.Suffix,
Sales,vSalesPerson,JobTitle,nvarchar,,Sales.vSalesPerson.JobTitle,
Sales,vSalesPerson,PhoneNumber,nvarchar,,Sales.vSalesPerson.PhoneNumber,
Sales,vSalesPerson,PhoneNumberType,nvarchar,,Sales.vSalesPerson.PhoneNumberType,
Sales,vSalesPerson,EmailAddress,nvarchar,,Sales.vSalesPerson.EmailAddress,
Sales,vSalesPerson,EmailPromotion,int,,Sales.vSalesPerson.EmailPromotion,
Sales,vSalesPerson,AddressLine1,nvarchar,,Sales.vSalesPerson.AddressLine1,
Sales,vSalesPerson,AddressLine2,nvarchar,,Sales.vSalesPerson.AddressLine2,
Sales,vSalesPerson,City,nvarchar,,Sales.vSalesPerson.City,
Sales,vSalesPerson,StateProvinceName,nvarchar,,Sales.vSalesPerson.StateProvinceName,
Sales,vSalesPerson,PostalCode,nvarchar,,Sales.vSalesPerson.PostalCode,
Sales,vSalesPerson,CountryRegionName,nvarchar,,Sales.vSalesPerson.CountryRegionName,
Sales,vSalesPerson,TerritoryName,nvarchar,,Sales.vSalesPerson.TerritoryName,
Sales,vSalesPerson,TerritoryGroup,nvarchar,,Sales.vSalesPerson.TerritoryGroup,
Sales,vSalesPerson,SalesQuota,money,,Sales.vSalesPerson.SalesQuota,
Sales,vSalesPerson,SalesYTD,money,,Sales.vSalesPerson.SalesYTD,
Sales,vSalesPerson,SalesLastYear,money,,Sales.vSalesPerson.SalesLastYear,
Sales,vSalesPersonSalesByFiscalYears,SalesPersonID,int,,Sales.vSalesPersonSalesByFiscalYears.SalesPersonID,
Sales,vSalesPersonSalesByFiscalYears,FullName,nvarchar,,Sales.vSalesPersonSalesByFiscalYears.FullName,
Sales,vSalesPersonSalesByFiscalYears,JobTitle,nvarchar,,Sales.vSalesPersonSalesByFiscalYears.JobTitle,
Sales,vSalesPersonSalesByFiscalYears,SalesTerritory,nvarchar,,Sales.vSalesPersonSalesByFiscalYears.SalesTerritory,
Sales,vSalesPersonSalesByFiscalYears,2002,money,,Sales.vSalesPersonSalesByFiscalYears.2002,
Sales,vSalesPersonSalesByFiscalYears,2003,money,,Sales.vSalesPersonSalesByFiscalYears.2003,
Sales,vSalesPersonSalesByFiscalYears,2004,money,,Sales.vSalesPersonSalesByFiscalYears.2004,
Sales,vStoreWithAddresses,BusinessEntityID,int,,Sales.vStoreWithAddresses.BusinessEntityID,
Sales,vStoreWithAddresses,Name,nvarchar,,Sales.vStoreWithAddresses.Name,
Sales,vStoreWithAddresses,AddressType,nvarchar,,Sales.vStoreWithAddresses.AddressType,
Sales,vStoreWithAddresses,AddressLine1,nvarchar,,Sales.vStoreWithAddresses.AddressLine1,
Sales,vStoreWithAddresses,AddressLine2,nvarchar,,Sales.vStoreWithAddresses.AddressLine2,
Sales,vStoreWithAddresses,City,nvarchar,,Sales.vStoreWithAddresses.City,
Sales,vStoreWithAddresses,StateProvinceName,nvarchar,,Sales.vStoreWithAddresses.StateProvinceName,
Sales,vStoreWithAddresses,PostalCode,nvarchar,,Sales.vStoreWithAddresses.PostalCode,
Sales,vStoreWithAddresses,CountryRegionName,nvarchar,,Sales.vStoreWithAddresses.CountryRegionName,
Sales,vStoreWithContacts,BusinessEntityID,int,,Sales.vStoreWithContacts.BusinessEntityID,
Sales,vStoreWithContacts,Name,nvarchar,,Sales.vStoreWithContacts.Name,
Sales,vStoreWithContacts,ContactType,nvarchar,,Sales.vStoreWithContacts.ContactType,
Sales,vStoreWithContacts,Title,nvarchar,,Sales.vStoreWithContacts.Title,
Sales,vStoreWithContacts,FirstName,nvarchar,,Sales.vStoreWithContacts.FirstName,
Sales,vStoreWithContacts,MiddleName,nvarchar,,Sales.vStoreWithContacts.MiddleName,
Sales,vStoreWithContacts,LastName,nvarchar,,Sales.vStoreWithContacts.LastName,
Sales,vStoreWithContacts,Suffix,nvarchar,,Sales.vStoreWithContacts.Suffix,
Sales,vStoreWithContacts,PhoneNumber,nvarchar,,Sales.vStoreWithContacts.PhoneNumber,
Sales,vStoreWithContacts,PhoneNumberType,nvarchar,,Sales.vStoreWithContacts.PhoneNumberType,
Sales,vStoreWithContacts,EmailAddress,nvarchar,,Sales.vStoreWithContacts.EmailAddress,
Sales,vStoreWithContacts,EmailPromotion,int,,Sales.vStoreWithContacts.EmailPromotion,
Sales,vStoreWithDemographics,BusinessEntityID,int,,Sales.vStoreWithDemographics.BusinessEntityID,
Sales,vStoreWithDemographics,Name,nvarchar,,Sales.vStoreWithDemographics.Name,
Sales,vStoreWithDemographics,AnnualSales,money,,Sales.vStoreWithDemographics.AnnualSales,
Sales,vStoreWithDemographics,AnnualRevenue,money,,Sales.vStoreWithDemographics.AnnualRevenue,
Sales,vStoreWithDemographics,BankName,nvarchar,,Sales.vStoreWithDemographics.BankName,
Sales,vStoreWithDemographics,BusinessType,nvarchar,,Sales.vStoreWithDemographics.BusinessType,
Sales,vStoreWithDemographics,YearOpened,int,,Sales.vStoreWithDemographics.YearOpened,
Sales,vStoreWithDemographics,Specialty,nvarchar,,Sales.vStoreWithDemographics.Specialty,
Sales,vStoreWithDemographics,SquareFeet,int,,Sales.vStoreWithDemographics.SquareFeet,
Sales,vStoreWithDemographics,Brands,nvarchar,,Sales.vStoreWithDemographics.Brands,
Sales,vStoreWithDemographics,Internet,nvarchar,,Sales.vStoreWithDemographics.Internet,
Sales,vStoreWithDemographics,NumberEmployees,int,,Sales.vStoreWithDemographics.NumberEmployees,